http://www.tempslibres.org/tl/tlphp/dbhk03.php?id=2556&lg=f | Philippe Quinta | France | Fut-elle pleine\\déjà, elle décroit\\la lune
http://www.tempslibres.org/tl/tlphp/dbhk03.php?id=701&lg=f | Daniel Py | France | Lune parfaitement ronde\\Buée sur la vitre
http://www.tempslibres.org/tl/tlphp/dbhk03.php?id=6905&lg=f | Marlène Alexa | Egypte | hiver\\dans les yeux de grand-mère\\une ombre grise
http://www.tempslibres.org/tl/tlphp/dbhk03.php?id=6101&lg=f | Rahmatou Sangotte | France | gray skies -\\the smell of\\caramelized onions
http://www.tempslibres.org/tl/tlphp/dbhk03.php?id=5769&lg=f | Carol Raisfeld | USA | la fille du pasteur\\sa robe du dimanche\\de la couleur des ecchymoses
http://www.tempslibres.org/tl/tlphp/dbhk03.php?id=5730&lg=f | Lilas Ligier | France | Sans toi\\sous le ciel d'hiver\\nos pas perdus
http://www.tempslibres.org/tl/tlphp/dbhk03.php?id=5796&lg=f | Michel Duflo | France | petit noir -\\les cernes\\de la serveuse
http://www.tempslibres.org/tl/tlphp/dbhk03.php?id=1280&lg=f | Josiane Boulanger | Belgique | Avant de partir,\\dans le miroir du salon\\tes yeux et les miens.
http://www.tempslibres.org/tl/tlphp/dbhk03.php?id=2684&lg=f |  sprite | England | brusques giboulées -\\pleurs et puis rires de l'ado\\en quete d'emploi
http://www.tempslibres.org/tl/tlphp/dbhk03.php?id=1453&lg=f | Patrick Palaquer | France | les mots sous les doigts\\l'aveugle et son livre en braille\\frottement du papier
http://www.tempslibres.org/tl/tlphp/dbhk03.php?id=6574&lg=f | John Wisdom | USA | les jours s'allongent\\même la gloire du matin\\d'une teinte plus bleue
http://www.tempslibres.org/tl/tlphp/dbhk03.php?id=5845&lg=f | Bill Bilquin | Belgique | sur mon smartphone\\le mont fuji au soleil couchant\\café du matin
http://www.tempslibres.org/tl/tlphp/dbhk03.php?id=8074&lg=f | Damien Gabriels | France | l'orage s'éloigne -\\d'une fenêtre ouverte\\un prélude de Bach
http://www.tempslibres.org/tl/tlphp/dbhk03.php?id=3509&lg=f | Paul David Mena | USA | nouvelle lune --\\la souris dans le grenier\\s'éveille
http://www.tempslibres.org/tl/tlphp/dbhk03.php?id=7658&lg=f | John McDonald | Scotland (UK) | sundow\\still warmth\\in her rosary beads
http://www.tempslibres.org/tl/tlphp/dbhk03.php?id=4983&lg=f | Paul David Mena | USA | encore errant\\dans le couloir vide --\\un parfum bon marché
http://www.tempslibres.org/tl/tlphp/dbhk03.php?id=1817&lg=f | Yves Brillon | Canada | sortant du métro\\face à face avec la lune -\\retour du boulot
http://www.tempslibres.org/tl/tlphp/dbhk03.php?id=7514&lg=f | Chase Gagnon | USA | j'oublie sa voix\\la lettre d'excuses de mon père\\crépite dans le feu
http://www.tempslibres.org/tl/tlphp/dbhk03.php?id=5391&lg=f | Minh-Triêt Pham | France | journée mondiale du sida -\\je réinstalle\\mon antivirus
http://www.tempslibres.org/tl/tlphp/dbhk03.php?id=3358&lg=f | Bill Bilquin | Belgique | soleil froid\\dans le parlement\\leurs hurlements
http://www.tempslibres.org/tl/tlphp/dbhk03.php?id=1872&lg=f | Daniel Py | France | ceinture brune : sa peau\\entre top et pantalon\\- ligne quatorze
http://www.tempslibres.org/tl/tlphp/dbhk03.php?id=5489&lg=f | David Serjeant | UK | fifteen elephants -\\after the storm\\the cockerels waking
http://www.tempslibres.org/tl/tlphp/dbhk03.php?id=3540&lg=f | Danièle Duteil | France | temps d'orage -\\sous les bottes le bruit\\des pavés
http://www.tempslibres.org/tl/tlphp/dbhk03.php?id=3332&lg=f | Isabel Asunsolo | France | midi en avril\\les roseaux morts se frottent\\avec les vivants
http://www.tempslibres.org/tl/tlphp/dbhk03.php?id=6797&lg=f | Mohamad Alsari | Syria | Mes doigts\\entre ses doigts\\Piano
http://www.tempslibres.org/tl/tlphp/dbhk03.php?id=4988&lg=f | Damien Gabriels | France | sortie du tunnel -\\un champ de colza éclaire\\le compartiment
http://www.tempslibres.org/tl/tlphp/dbhk03.php?id=7708&lg=f | Sarra Masmoudi | Tunisie | grosse lune du loup~\\quartier après quartier le panier\\de sanguines
http://www.tempslibres.org/tl/tlphp/dbhk03.php?id=1604&lg=f | Israel Balan | Mexico | à chaque gorgée\\de la bouteille\\le clair de lune sur mon visage
http://www.tempslibres.org/tl/tlphp/dbhk03.php?id=2892&lg=f | Eric Hellal | France | chaque soir\\au bout de la route\\l'usine Seveso
http://www.tempslibres.org/tl/tlphp/dbhk03.php?id=575&lg=f | Henri Chevignard | France | Harley Davidson \\rutilante de rosée - \\dimanche d'été
http://www.tempslibres.org/tl/tlphp/dbhk03.php?id=1095&lg=f | Paul David Mena | USA | Mercredi des Cendres --\\le prêtre\\allume une cigarette
http://www.tempslibres.org/tl/tlphp/dbhk03.php?id=5789&lg=f | Ben Coudert | France | premier café -\\des éclats de lune\\dans mon bol
http://www.tempslibres.org/tl/tlphp/dbhk03.php?id=2308&lg=f | Israel Balan | Mexico | long voyage --\\au bout de l'autoroute\\la lune
http://www.tempslibres.org/tl/tlphp/dbhk03.php?id=7400&lg=f | Sarra Masmoudi | Tunisie | éclipse partielle~\\le vieux chat\\titubant
http://www.tempslibres.org/tl/tlphp/dbhk03.php?id=5237&lg=f | Daniel Py | France | noir à fleurs bleues\\le slip de l'altiste\\- Shostakovitch
http://www.tempslibres.org/tl/tlphp/dbhk03.php?id=1732&lg=f | Carol Raisfeld | USA | sifflement du train . . .\\l'empreinte de la main traîne\\sur la vitre
http://www.tempslibres.org/tl/tlphp/dbhk03.php?id=6878&lg=f | Christian Cosberg | France | haïku cocaïne\\l'addiction\\en trois lignes
http://www.tempslibres.org/tl/tlphp/dbhk03.php?id=6058&lg=f | Paul David Mena | USA | mon plan de retraite\\les rides\\dans une flaque de boue
http://www.tempslibres.org/tl/tlphp/dbhk03.php?id=6657&lg=f | Angelika Kolompar Renville | Canada | Un ciel orange et rose -\\de la papetière un nuage gris\\sur ce froid jour de printemps
http://www.tempslibres.org/tl/tlphp/dbhk03.php?id=493&lg=f | Daniel Py | France |    High tide\\   oil reaching\\   new heights
http://www.tempslibres.org/tl/tlphp/dbhk03.php?id=1418&lg=f | Paul David Mena | USA | prévision boursière:\\record de chaleur\\suivi de pluie
http://www.tempslibres.org/tl/tlphp/dbhk03.php?id=1056&lg=f | Angelika Kolompar Renville | Canada | jour pluvieux\\dans la forêt pluvieuse\\plic, plic, plic
http://www.tempslibres.org/tl/tlphp/dbhk03.php?id=153&lg=f | Carole MacRury | USA |    dans la cour\\   au milieu de notre dispute --\\   une libellule rouge
http://www.tempslibres.org/tl/tlphp/dbhk03.php?id=3344&lg=f | Eric Hellal | France | T shirt -\\encore mieux armée\\sans armature
http://www.tempslibres.org/tl/tlphp/dbhk03.php?id=2554&lg=f | Daniel Py | France | dans le bol de verveine\\l'ampoule du plafonnier\\- mi-novembre
http://www.tempslibres.org/tl/tlphp/dbhk03.php?id=1031&lg=f | André Duhaime | Canada | guitar and harmonica\\in my car bob dylan also\\is still 20
http://www.tempslibres.org/tl/tlphp/dbhk03.php?id=6750&lg=f | André Cayrel | France | parmi les passants\\le parfum persistant\\d’une passante
http://www.tempslibres.org/tl/tlphp/dbhk03.php?id=1026&lg=f | Denise Dudon | France | vitrail presque noir\\dans la cathédrale obscure\\Chartres sans soleil
http://www.tempslibres.org/tl/tlphp/dbhk03.php?id=8025&lg=f | Philippe Macé | France | ma maison d’enfance\\par un carreau entrevoir\\l’obscurité
http://www.tempslibres.org/tl/tlphp/dbhk03.php?id=5497&lg=f | John McDonald | Scotland (UK) | chandelles allumées\\des larmes en fondant\\jour de Nagasaki
http://www.tempslibres.org/tl/tlphp/dbhk03.php?id=5910&lg=f | Paul David Mena | USA | flocons de neige --\\j'essaie de me souvenirs\\quand je suis devenu gris
http://www.tempslibres.org/tl/tlphp/dbhk03.php?id=2189&lg=f | Robert Van Muylder | Belgique | inquiète -\\le tracé de ton nez\\sur la vitre
http://www.tempslibres.org/tl/tlphp/dbhk03.php?id=5951&lg=f | Gérard Maréchal | France | Qi gong,\\lentement il fait tomber\\la neige du ciel
http://www.tempslibres.org/tl/tlphp/dbhk03.php?id=2208&lg=f | Paul David Mena | USA | faisceau de triage à l'aube --\\de nouveaux graffiti\\sur le vieux fourgon
http://www.tempslibres.org/tl/tlphp/dbhk03.php?id=5134&lg=f | Mark Holloway | UK | ciel couvert\\jusqu'à ce qu'un papillon blanc se pose\\sur mon écran de téléphone
http://www.tempslibres.org/tl/tlphp/dbhk03.php?id=5631&lg=f | Gérard Dumon | France | nuit étoilée\\le bonheur de pouvoir\\pisser sous la lune
http://www.tempslibres.org/tl/tlphp/dbhk03.php?id=6540&lg=f | Ben Coudert | France | retour au travail -\\le triste son du ressac\\de la photocopieuse
http://www.tempslibres.org/tl/tlphp/dbhk03.php?id=3784&lg=f | Paul David Mena | USA | premier de décembre ---\\l'obscurité\\avant l'aube
http://www.tempslibres.org/tl/tlphp/dbhk03.php?id=220&lg=f | Isabel Asunsolo | France | Best Of Mac Donald\\deux limaçons roux\\sur une frite
http://www.tempslibres.org/tl/tlphp/dbhk03.php?id=4212&lg=f | Damien Gabriels | France | après chaque voiture\\la ruée des pies\\vers l'amas de poils rouges
http://www.tempslibres.org/tl/tlphp/dbhk03.php?id=4978&lg=f | Paul David Mena | USA | croissant de lune --\\la plenitude\\de ses lèvres
http://www.tempslibres.org/tl/tlphp/dbhk03.php?id=108&lg=f |  sprite | England |    une boite du McDo\\   flotte vers la fontaine\\   un insecte à bord
http://www.tempslibres.org/tl/tlphp/dbhk03.php?id=6009&lg=f | John McDonald | Scotland (UK) | pleine lune -\\un nouveau petit-fils\\têtant
http://www.tempslibres.org/tl/tlphp/dbhk03.php?id=4276&lg=f | Damien Gabriels | France | dans la vapeur\\de ma tasse de thé\\la lune montante
http://www.tempslibres.org/tl/tlphp/dbhk03.php?id=5716&lg=f | Louis Nagara | France | terrasse ensoleillée\\oublier Noël\\qui approche
http://www.tempslibres.org/tl/tlphp/dbhk03.php?id=1950&lg=f | Damien Gabriels | France | minuit -\\avant le 12ème coup\\... la  chasse d'eau
http://www.tempslibres.org/tl/tlphp/dbhk03.php?id=7382&lg=f | Gérard Dumon | France | course sous l'orage\\l'odeur du grain\\dans la grange
http://www.tempslibres.org/tl/tlphp/dbhk03.php?id=6051&lg=f | Paul David Mena | USA | verglas --\\le médecin voudrait\\plus de tests
http://www.tempslibres.org/tl/tlphp/dbhk03.php?id=1940&lg=f | Franck Vasseur | France | le dernier Kérouac\\à l'étroit \\entre Issa et Kervern
http://www.tempslibres.org/tl/tlphp/dbhk03.php?id=5960&lg=f | John McDonald | Scotland (UK) | passant devant leur maison vide -\\son petit baiser\\encore sur la vitre
http://www.tempslibres.org/tl/tlphp/dbhk03.php?id=916&lg=f | Daniel Py | France | un plastique bleu\\dans l'arbre encore nu\\- mi-avril
http://www.tempslibres.org/tl/tlphp/dbhk03.php?id=2118&lg=f | Israel Balan | Mexico | trafic de nuit --\\elle me parle de\\cholesterol
http://www.tempslibres.org/tl/tlphp/dbhk03.php?id=4596&lg=f | William Sorlien | USA | (roues de médecine\\des cairns de pierres des champs apparaissent\\dans le brouillard froid du printemps)
http://www.tempslibres.org/tl/tlphp/dbhk03.php?id=6961&lg=f | Marie Derley | Belgique | Hiver sans congés –\\au creux du coquillage\\le bruit de la mer
http://www.tempslibres.org/tl/tlphp/dbhk03.php?id=7846&lg=f | Meryem Lahlou | Maroc | Coucher de soleil\\Quelque chose du jour\\Dans le pot de jasmin
http://www.tempslibres.org/tl/tlphp/dbhk03.php?id=2228&lg=f | Paul David Mena | USA | une semaine avant Noël\\un chien à trois pattes\\sniffe la poubelle
http://www.tempslibres.org/tl/tlphp/dbhk03.php?id=642&lg=f | Angelika Kolompar Renville | Canada | Plumeria is a white and yellow flower and grows on trees in Hawaii and has a wonderful scent. The flowers are used to make the lei they wear like a necklace
http://www.tempslibres.org/tl/tlphp/dbhk03.php?id=6887&lg=f | Karyn Louryan  | Belgique | jour amer ...\\cannelle girofle et muscade\\relèvent les chicons
http://www.tempslibres.org/tl/tlphp/dbhk03.php?id=2423&lg=f |  anna | France | chaleur écrasante\\les girolles\\sous la mousse
http://www.tempslibres.org/tl/tlphp/dbhk03.php?id=5734&lg=f | Michel Duflo | France | aube d'hiver -\\urgence absolue\\d'un second café
http://www.tempslibres.org/tl/tlphp/dbhk03.php?id=3879&lg=f | Bill Bilquin | Belgique | matin de mars\\regarder vers l'est\\fukushima
http://www.tempslibres.org/tl/tlphp/dbhk03.php?id=5239&lg=f | Daniel Py | France | une fesse après l'autre\\elle me précède\\gare Saint-Lazare
http://www.tempslibres.org/tl/tlphp/dbhk03.php?id=3935&lg=f | Angelika Kolompar Renville | Canada | Cancer clinic visit\\a bald woman passes by\\with a smile\\visite à la clinique du cancer\\une femme chauve passe\\avec un sourire
http://www.tempslibres.org/tl/tlphp/dbhk03.php?id=2839&lg=f | Philippe Quinta | France | le vent se lève -\\le tas de cendres chaudes\\se ranime
http://www.tempslibres.org/tl/tlphp/dbhk03.php?id=4531&lg=f | Damien Gabriels | France | première neige -\\des traces de pas\\de poubelle à poubelle
http://www.tempslibres.org/tl/tlphp/dbhk03.php?id=6865&lg=f | Bill Bilquin | Belgique | dans la grisaille\\la bouteille de rosé\\du sans-abri
http://www.tempslibres.org/tl/tlphp/dbhk03.php?id=2255&lg=f | Daniel Py | France | dimanche 7/1/7\\le couteau à cheval\\sur la fève
http://www.tempslibres.org/tl/tlphp/dbhk03.php?id=4701&lg=f | Martin Cohen | USA | après la pluie une rue d'hiver pleine de lunes
http://www.tempslibres.org/tl/tlphp/dbhk03.php?id=5602&lg=f | Paul David Mena | USA | fumeurs agglutinés --\\une autre conversation\\sur le Cloud
http://www.tempslibres.org/tl/tlphp/dbhk03.php?id=4853&lg=f | John McDonald | Scotland (UK) | JOUR DE VENTE -\\un lever anticipée\\pour le sans-abri
http://www.tempslibres.org/tl/tlphp/dbhk03.php?id=2379&lg=f | Dominique Champollion | France | suivant le cercueil\\il lui raconte à l'oreille\\son dernier voyage
http://www.tempslibres.org/tl/tlphp/dbhk03.php?id=7913&lg=f | Sarra Masmoudi | Tunisie | grand ciel sans fin~\\le nichoir vide
http://www.tempslibres.org/tl/tlphp/dbhk03.php?id=3171&lg=f | William Sorlien | USA | entre le bourdonnement\\des tondeuses\\une odeur de pluie
http://www.tempslibres.org/tl/tlphp/dbhk03.php?id=7451&lg=f | Sarra Masmoudi | Tunisie | pluie de fin d'été~\\tous ces vieux objets\\dans la cave
http://www.tempslibres.org/tl/tlphp/dbhk03.php?id=7652&lg=f | Jimmy Poirier | Canada | sur la terrasse\\mon café miroitant\\sucrer le ciel
http://www.tempslibres.org/tl/tlphp/dbhk03.php?id=709&lg=f | Pascal Quero | France | huit heures.\\trois quart lune, son halo\\d'hiver - rond encore
http://www.tempslibres.org/tl/tlphp/dbhk03.php?id=1850&lg=f | Isabel Asunsolo | France | porte entrouverte -\\les guirlandes s'illuminent\\une seconde
http://www.tempslibres.org/tl/tlphp/dbhk03.php?id=1930&lg=f | André Cayrel | France | plage naturiste.je sors de l'eau devant elle\\diminué par le froid
http://www.tempslibres.org/tl/tlphp/dbhk03.php?id=6229&lg=f | Mohamad Alsari | Syria | La cour de la prison\\dans la flaque de la pluie\\la lune
http://www.tempslibres.org/tl/tlphp/dbhk03.php?id=3208&lg=f | Mark Holloway | UK | the year's end\\all those graveyard names\\carved into the fog
http://www.tempslibres.org/tl/tlphp/dbhk03.php?id=896&lg=f | Rob Flipse | the Netherlands | soûl sur le perron\\de la fausse maison\\la clef en main
http://www.tempslibres.org/tl/tlphp/dbhk03.php?id=391&lg=f | Rob Flipse | the Netherlands | les jours rétrécissent\\la petaside desséchée\\n'est plus aussi grande
http://www.tempslibres.org/tl/tlphp/dbhk03.php?id=7336&lg=f | Sarra Masmoudi | Tunisie | souks de la médina~\\dans chaque boutique\\le salut d'un chat
http://www.tempslibres.org/tl/tlphp/dbhk03.php?id=5760&lg=f | Paul David Mena | USA | occupying Wall Street\\les fantômes\\de mes rêves de retraite
http://www.tempslibres.org/tl/tlphp/dbhk03.php?id=735&lg=f | Lucia Supova | Luxembourg | rideau à moitié\\meubles d'une chambre éclairée\\-- traits gris de la demi-lune
http://www.tempslibres.org/tl/tlphp/dbhk03.php?id=7796&lg=f | Gérard Dumon | France | temps glacial\\le four libère l'odeur\\de chocolat
http://www.tempslibres.org/tl/tlphp/dbhk03.php?id=1762&lg=f | Guy Vanden Broeck | Belgique | Sur le sol trempé\\des centaines de bogues -\\aucune étoile.
http://www.tempslibres.org/tl/tlphp/dbhk03.php?id=1201&lg=f | Robert Van Muylder | Belgique | Bouton du gilet\\Petit bruit sur l'asphalte\\Lune si proche
http://www.tempslibres.org/tl/tlphp/dbhk03.php?id=3065&lg=f | William Sorlien | USA | retour du froid\\les mélodies dissonnantes\\du camion du marchand de glace
http://www.tempslibres.org/tl/tlphp/dbhk03.php?id=3567&lg=f | Paul David Mena | USA | encore la pluie --\\une souris prise au piège\\entre les murs
http://www.tempslibres.org/tl/tlphp/dbhk03.php?id=3883&lg=f | Eric Hellal | France | sur la baigneuse\\un maillot à rayures\\- mer plate
http://www.tempslibres.org/tl/tlphp/dbhk03.php?id=4149&lg=f | Damien Gabriels | France | toilettes de la plage -\\la chasse d'eau emporte\\le bruit des vagues
http://www.tempslibres.org/tl/tlphp/dbhk03.php?id=1389&lg=f | Marylène Lallemand | France | so far from exams...
http://www.tempslibres.org/tl/tlphp/dbhk03.php?id=5545&lg=f | John McDonald | Scotland (UK) | été indien -\\des abeilles\\les ombres longues
http://www.tempslibres.org/tl/tlphp/dbhk03.php?id=4874&lg=f | David Serjeant | UK | recyclée\\avec chaque bouteille\\la même résolution
http://www.tempslibres.org/tl/tlphp/dbhk03.php?id=8032&lg=f | Sarra Masmoudi | Tunisie | l'odeur de pain\\emplit la bourgade~\\lune de l'aube
http://www.tempslibres.org/tl/tlphp/dbhk03.php?id=5266&lg=f | Angelika Kolompar Renville | Canada | je regarde au calendrier\\pour voir si c'est un jour spécial --\\Journée Internationale des Femmes
http://www.tempslibres.org/tl/tlphp/dbhk03.php?id=6832&lg=f | Paul David Mena | USA | dans la souche creuse\\du vieil arbre\\des coquelicots en fleurs
http://www.tempslibres.org/tl/tlphp/dbhk03.php?id=5765&lg=f | Paul David Mena | USA | premier dégel -\\quelqu'un aurait du prévenir\\les jonquilles
http://www.tempslibres.org/tl/tlphp/dbhk03.php?id=265&lg=f | Lucia Supova | Luxembourg | ce soir dans la rue\\un parfum du chocolat\\noir
http://www.tempslibres.org/tl/tlphp/dbhk03.php?id=5419&lg=f | Paul David Mena | USA | ville fantôme --\\un coq chante\\sans aucune raison
http://www.tempslibres.org/tl/tlphp/dbhk03.php?id=3343&lg=f | Eric Hellal | France | Shell, Exxon, BP\\chacune marque\\son territoire
http://www.tempslibres.org/tl/tlphp/dbhk03.php?id=6466&lg=f | Mark Holloway | UK | (entre les averses\\le va-et-vient de l'orchestre par\\la fenêtre à demi-ouverte)
http://www.tempslibres.org/tl/tlphp/dbhk03.php?id=6362&lg=f | Mark Holloway | UK | ombres. un rebord de fenêtre\\juste assez grand pour abriter\\deux colombes
http://www.tempslibres.org/tl/tlphp/dbhk03.php?id=7689&lg=f | Vincent Hoarau | France | dernier jour de l'an ~\\dans un rayon de soleil\\la poussière des livres
http://www.tempslibres.org/tl/tlphp/dbhk03.php?id=3968&lg=f | Angelika Kolompar Renville | Canada | feelings of joy\\float in and out\\red seaweed
http://www.tempslibres.org/tl/tlphp/dbhk03.php?id=5712&lg=f | Philippe Bréham | France | parc en hiver\\le manège illuminé tourne\\sans enfants
http://www.tempslibres.org/tl/tlphp/dbhk03.php?id=6299&lg=f | Paul David Mena | USA | fin d'un long week-end\\que le requiem\\commence
http://www.tempslibres.org/tl/tlphp/dbhk03.php?id=1582&lg=f | André Cayrel | France | culte de la tradition\\et des criminels de guerre\\- cerisiers en fleurs
http://www.tempslibres.org/tl/tlphp/dbhk03.php?id=3112&lg=f | Eric Hellal | France | dans la citrouille \\à la place de la bougie \\une lampe à diode
http://www.tempslibres.org/tl/tlphp/dbhk03.php?id=2805&lg=f | Philippe Quinta | France | première flambée -\\dehors, le dernier voyage\\d'un canadair
http://www.tempslibres.org/tl/tlphp/dbhk03.php?id=1780&lg=f | Jean-Claude César | France | Intifada-\\d'un côté les cravates\\de l'autre les Nike
http://www.tempslibres.org/tl/tlphp/dbhk03.php?id=6005&lg=f | Mohamad Alsari | Syria | La voix du bombardement se lève-\\du haut de la cascade\\la lune tombe
http://www.tempslibres.org/tl/tlphp/dbhk03.php?id=6257&lg=f | Philippe Quinta | France | quelqu'un marche\\autour de la maison -\\pluie de printemps
http://www.tempslibres.org/tl/tlphp/dbhk03.php?id=164&lg=f | Emilie Moineau | France | zébrures dans l'espace\\le store se coule dans la rue\\par une fenêtre
http://www.tempslibres.org/tl/tlphp/dbhk03.php?id=6845&lg=f | John Wisdom | USA | brouillard du matin\\des pousses vertes d'oignons\\crevassent le sol
http://www.tempslibres.org/tl/tlphp/dbhk03.php?id=1678&lg=f | Robert Van Muylder | Belgique | pain beurré -\\le boulanger enfin\\assis
http://www.tempslibres.org/tl/tlphp/dbhk03.php?id=5643&lg=f | Mark Holloway | UK | dans le jardin clos\\l'odeur\\des pommes en décomposition
http://www.tempslibres.org/tl/tlphp/dbhk03.php?id=826&lg=f | Jean-Claude César | France | Matin d'hiver-\\le zizi du jardinier\\tout rabougri...
http://www.tempslibres.org/tl/tlphp/dbhk03.php?id=3881&lg=f | Danièle Duteil | France | risque de fusion -\\sur mes doigts l'odeur\\des immortelles de mer
http://www.tempslibres.org/tl/tlphp/dbhk03.php?id=3617&lg=f | Paul David Mena | USA | jours de neige --\\plus de blanc que je ne croyais\\dans ma barbe
http://www.tempslibres.org/tl/tlphp/dbhk03.php?id=4699&lg=f | Paul David Mena | USA | une vraie merveille du monde --\\comment elle remplit\\son T-shirt Grand Canyon
http://www.tempslibres.org/tl/tlphp/dbhk03.php?id=6651&lg=f | Serge Tomé | Belgique | la pelle mécanique\\dans le pré\\efface le ciel
http://www.tempslibres.org/tl/tlphp/dbhk03.php?id=6963&lg=f | Michel Duflo | France | thé de l’aube –\\un bruit de moteur croît\\puis décroît
http://www.tempslibres.org/tl/tlphp/dbhk03.php?id=5684&lg=f | Vincent Hoarau | France | veille d'élection -\\les chasseurs et leurs chiens\\quelque part dans les bois
http://www.tempslibres.org/tl/tlphp/dbhk03.php?id=7150&lg=f |  Bikko | France | thé à la menthe\\sur l’eau la pleine lune\\à peine voilée
http://www.tempslibres.org/tl/tlphp/dbhk03.php?id=7049&lg=f | Ben Coudert | France | retour en banlieue -\\sous le lit de feue ma mère\\tout un stock de morphine
http://www.tempslibres.org/tl/tlphp/dbhk03.php?id=1139&lg=f | Marcel Peltier | Belgique | poussière grise\\sur la cheminée de marbre -\\et ta photo
http://www.tempslibres.org/tl/tlphp/dbhk03.php?id=6743&lg=f | Bruno Robert | France | escalier A\\quatre à quatre son parfum\\n°5
http://www.tempslibres.org/tl/tlphp/dbhk03.php?id=6913&lg=f |  Bikko | France | milieu de nuit\\le biseau de l'aiguille\\trouve la veine
http://www.tempslibres.org/tl/tlphp/dbhk03.php?id=7470&lg=f | Paul David Mena | USA | fin d'été --\\j'observe le Dow (Jones)\\tomber
http://www.tempslibres.org/tl/tlphp/dbhk03.php?id=2579&lg=f | Eric Hellal | France | Gold Beach\\un tag délavé\\sur le blockhaus
http://www.tempslibres.org/tl/tlphp/dbhk03.php?id=1111&lg=f | Paul David Mena | USA | (remise de diplôme de ma fille\\je serre le noeud\\de ma cravate)
http://www.tempslibres.org/tl/tlphp/dbhk03.php?id=1781&lg=f | Jean-Claude César | France | Intifada-\\un léger retard\\pour le repas du soir
http://www.tempslibres.org/tl/tlphp/dbhk03.php?id=2148&lg=f | Philippe Quinta | France | Saké de Kyoto\\dans le verre à téquila\\Fin d'automne
http://www.tempslibres.org/tl/tlphp/dbhk03.php?id=7693&lg=f | Vicky Ni Wayan | Belgique | réveillon de l'an neuf-\\en ermite sous un édredon\\d'étoiles
http://www.tempslibres.org/tl/tlphp/dbhk03.php?id=5683&lg=f | Vincent Hoarau | France | nuit de brouillard -\\les moutons\\ne s'en soucient guère
http://www.tempslibres.org/tl/tlphp/dbhk03.php?id=6306&lg=f | John McDonald | Scotland (UK) | une vieille dame appelée Mary\\son enfant étendu sur ses genoux\\... mémorial de guerre
http://www.tempslibres.org/tl/tlphp/dbhk03.php?id=1463&lg=f | Carol Raisfeld | USA | tonnerre\\ciel d'ardoise\\crocus naissants
http://www.tempslibres.org/tl/tlphp/dbhk03.php?id=1476&lg=f | Jean Ruaud | France | Parc des Buttes Chaumont\\a man alone\\and drizzle
http://www.tempslibres.org/tl/tlphp/dbhk03.php?id=1900&lg=f | Jeremiah Burlington | France | Seul dans ma nuit\\souvenir des lampions\\de mon enfance
http://www.tempslibres.org/tl/tlphp/dbhk03.php?id=2452&lg=f | Damien Gabriels | France | silence de l'aube ~\\un peu de  vapeur s'élève\\de mon bol
http://www.tempslibres.org/tl/tlphp/dbhk03.php?id=6408&lg=f | Karyn Louryan  | Belgique | bouche gourmande...\\qui se souvient que la cerise\\a été une fleur?
http://www.tempslibres.org/tl/tlphp/dbhk03.php?id=1475&lg=f | Carol Raisfeld | USA | solstice d'hiver\\la chandelle trop courte\\pour la longue nuit
http://www.tempslibres.org/tl/tlphp/dbhk03.php?id=4450&lg=f | Damien Gabriels | France | gîte de vacances -\\le battement des secondes\\au coeur de la nuit
http://www.tempslibres.org/tl/tlphp/dbhk03.php?id=5010&lg=f | Paul David Mena | USA | l'anniversaire de ma fille --\\un ballon d'enfant\\au dessus des nuages
http://www.tempslibres.org/tl/tlphp/dbhk03.php?id=5149&lg=f |  Bikko | France | midi du jour 8 ~\\les sirènes ne font pas\\taire les oiseaux
http://www.tempslibres.org/tl/tlphp/dbhk03.php?id=6700&lg=f | Micheline Beaudry | Canada | août déclinant\\la stridulation du criquet\\huasse d'un ton
http://www.tempslibres.org/tl/tlphp/dbhk03.php?id=1731&lg=f | Jean-Claude César | France | Couleurs printanières-\\devant l'étalage des soutien-gorge\\le photographe hésite
http://www.tempslibres.org/tl/tlphp/dbhk03.php?id=6288&lg=f | Philippe Quinta | France | peut-elle quelque chose\\contre la guerre\\la Nigelle de Damas
http://www.tempslibres.org/tl/tlphp/dbhk03.php?id=6821&lg=f | Mohamad Alsari | Syria | Retour à la maison\\l'ombre de la clé est devant moi\\pour ouvrir la porte
http://www.tempslibres.org/tl/tlphp/dbhk03.php?id=5902&lg=f | Angèle Lux | Canada | bourrasques glacées --\\le fossoyeur creuse une tombe\\au marteau-piqueur
http://www.tempslibres.org/tl/tlphp/dbhk03.php?id=7895&lg=f | Damien Gabriels | France | matinée sans fin -\\je ressasse l'amertume\\de mon café noir
http://www.tempslibres.org/tl/tlphp/dbhk03.php?id=1761&lg=f | Israel Balan | Mexico | des chiens aboient\\peut-être ai-je été un chat\\dans une autre vie
http://www.tempslibres.org/tl/tlphp/dbhk03.php?id=5346&lg=f | Daniel Py | France | deux dames d'un certain âge\\parlent soutien-gorge\\- train de mai
http://www.tempslibres.org/tl/tlphp/dbhk03.php?id=1933&lg=f | Philippe Quinta | France | Demi-lune au ciel/J'attaque dans mon assiette/Un demi-melon
http://www.tempslibres.org/tl/tlphp/dbhk03.php?id=7373&lg=f | Karyn Louryan  | Belgique | temps à l'orage ~\\par à coup les effluves\\du sureau
http://www.tempslibres.org/tl/tlphp/dbhk03.php?id=3082&lg=f | Isabel Asunsolo | France | novembre \\le couteau heurte le vide \\de la meringue
http://www.tempslibres.org/tl/tlphp/dbhk03.php?id=2123&lg=f | Marcel Peltier | Belgique | dans la rue\\au petit matin\\une boîte de conserve\\chahute
http://www.tempslibres.org/tl/tlphp/dbhk03.php?id=349&lg=f | Dorothy Howard (zeni b) | Canada | l'imprimante crache\\le phénix millénaire--\\une autre feuille
http://www.tempslibres.org/tl/tlphp/dbhk03.php?id=2608&lg=f | Jean-Claude César | France | jour d'hiver -\\des montres luxueuses\\à un prix abordable
http://www.tempslibres.org/tl/tlphp/dbhk03.php?id=7711&lg=f | Paul David Mena | USA | avis de blizzard --\\je voudrais ne pas avoir vu\\ce chat noir
http://www.tempslibres.org/tl/tlphp/dbhk03.php?id=2207&lg=f | Paul David Mena | USA | train encombré --\\un homme saoûl m'offre sa place\\pour cinq dollars
http://www.tempslibres.org/tl/tlphp/dbhk03.php?id=4948&lg=f | John McDonald | Scotland (UK) | (étang la nuit -\\montée de poisson\\jusqu'aux miettes d'étoiles
http://www.tempslibres.org/tl/tlphp/dbhk03.php?id=6245&lg=f | Gérard Maréchal | France | aube de pluie --\\la blancheur du merisier\\habille le sol
http://www.tempslibres.org/tl/tlphp/dbhk03.php?id=845&lg=f | Robert Van Muylder | Belgique | à table\\elle émiette le pain –\\l’œil du merle
http://www.tempslibres.org/tl/tlphp/dbhk03.php?id=5436&lg=f | Monique Junchat | France | Mistral de mai\\accrochée à la façade\\la cigale factice
http://www.tempslibres.org/tl/tlphp/dbhk03.php?id=5006&lg=f | John McDonald | Scotland (UK) | avec le printemps\\ses cheveux\\recommencent à pousser
http://www.tempslibres.org/tl/tlphp/dbhk03.php?id=4774&lg=f | Paul David Mena | USA | état de la bourse --\\une auto a calé\\dans le carrefour
http://www.tempslibres.org/tl/tlphp/dbhk03.php?id=7252&lg=f | Ben Coudert | France | foyer pour femmes battues -\\sur son corps\\cinquante nuances de bleu
http://www.tempslibres.org/tl/tlphp/dbhk03.php?id=5248&lg=f | Daniel Py | France | prise dans la Moselle\\une bouteille\\le cul en l'air
http://www.tempslibres.org/tl/tlphp/dbhk03.php?id=6860&lg=f | Karyn Louryan  | Belgique | courants d’air\\ses joues rougies\\par le saké chaud
http://www.tempslibres.org/tl/tlphp/dbhk03.php?id=2171&lg=f | Angelika Kolompar Renville | Canada | Au travers de la fumée de la papeterie\\Une longue ligne rouge apparait --\\Début d'un lever de soleil
http://www.tempslibres.org/tl/tlphp/dbhk03.php?id=8023&lg=f | Jacques Quach | France | nuée d’orage\\l’éclair blanc\\d’une mouette
http://www.tempslibres.org/tl/tlphp/dbhk03.php?id=217&lg=f | Magda Dhainaut | France | sur le carrelage blanc\\elle semble encore plus grosse\\l'araignée du radiateur
http://www.tempslibres.org/tl/tlphp/dbhk03.php?id=6447&lg=f | Paul David Mena | USA | (orage --\\un visiteur\\de fin de nuit)
http://www.tempslibres.org/tl/tlphp/dbhk03.php?id=3890&lg=f | David Serjeant | UK | grommelant quelque chose\\le merle sur le poteau de clôture\\Jour de l'élection -
http://www.tempslibres.org/tl/tlphp/dbhk03.php?id=4485&lg=f | Damien Gabriels | France | entre four et frigo\\trois abricots fripés\\peau contre peau
http://www.tempslibres.org/tl/tlphp/dbhk03.php?id=7643&lg=f | Sharon Rhutaseljones | Africa | mi décembre\\l'alignement des bougies sur l'appui de fenêtre\\nuit silencieuse
http://www.tempslibres.org/tl/tlphp/dbhk03.php?id=6247&lg=f | Gérard Maréchal | France | Café serré,\\sur la colline la brume\\efface la biche
http://www.tempslibres.org/tl/tlphp/dbhk03.php?id=157&lg=f | Damien Gabriels | France | nuit orageuse -\\le bourdonnement\\d'une moissonneuse
http://www.tempslibres.org/tl/tlphp/dbhk03.php?id=1760&lg=f | Israel Balan | Mexico | café avec terrasse\\sur les chaises vides\\les feuilles mortes
http://www.tempslibres.org/tl/tlphp/dbhk03.php?id=7951&lg=f | Sarra Masmoudi | Tunisie | salle d'attente du cardio~\\la guerre\\à portée de main
http://www.tempslibres.org/tl/tlphp/dbhk03.php?id=4981&lg=f | Paul David Mena | USA | équinoxe --\\un dix-huit roues dépasse\\la double ligne blanche (jaune aux USA)
http://www.tempslibres.org/tl/tlphp/dbhk03.php?id=6040&lg=f | Angèle Lux | Canada | winter solstice\\chocolate squares\\one by one
http://www.tempslibres.org/tl/tlphp/dbhk03.php?id=5121&lg=f | Paul David Mena | USA | (Dia de los Muertos --\\les os élégants de ses joues)
http://www.tempslibres.org/tl/tlphp/dbhk03.php?id=7628&lg=f | Nicole Braham | France | la lune de décembre\\masquée par les nuages\\j'allume ma veilleuse
http://www.tempslibres.org/tl/tlphp/dbhk03.php?id=7490&lg=f | William Sorlien | USA | the tall corn's shadow\\stretched across the grave yard --\\coming of Autumn
http://www.tempslibres.org/tl/tlphp/dbhk03.php?id=1815&lg=f | André Cayrel | France | marché de Lunel\\des culottes non conçues\\pour le froid
http://www.tempslibres.org/tl/tlphp/dbhk03.php?id=5815&lg=f | Mohamad Alsari | Syria | De la tombe à l'autre\\une dernière feuille d'automne\\se déplace
http://www.tempslibres.org/tl/tlphp/dbhk03.php?id=525&lg=f | Jean-Claude César | France | Avant de se quitter\\disperser les braises -\\envol des lucioles
http://www.tempslibres.org/tl/tlphp/dbhk03.php?id=5458&lg=f | Damien Gabriels | France | jardin zen -\\l'ombre du Bouddha de pierre\\a changé de place
http://www.tempslibres.org/tl/tlphp/dbhk03.php?id=2358&lg=f | Israel Balan | Mexico | après le tremblement de terre\\une feuille tombe\\dans le patio
http://www.tempslibres.org/tl/tlphp/dbhk03.php?id=3857&lg=f | Angelika Kolompar Renville | Canada | (Dans la flaque laissée par la marée\\Deux crabes dans une étreinte\\Le dîner d'aujourd'hui)
http://www.tempslibres.org/tl/tlphp/dbhk03.php?id=7857&lg=f | Sharon Rhutaseljones | Africa | malgré\\les bombes et les mensonges\\les fleurs sauvages
http://www.tempslibres.org/tl/tlphp/dbhk03.php?id=7042&lg=f | Françoise Lonquety | France | Le mur érigé -\\de la jungle de Calais\\plus aucun tam-tam
http://www.tempslibres.org/tl/tlphp/dbhk03.php?id=7544&lg=f | Valérie Baudet | France | Lune d'octobre\\Un voile de cacao\\Sur la porcelaine
http://www.tempslibres.org/tl/tlphp/dbhk03.php?id=6321&lg=f | Michel Duflo | France | tombes oubliées –\\leurs noms lus\\à voix haute
http://www.tempslibres.org/tl/tlphp/dbhk03.php?id=3507&lg=f | Paul David Mena | USA | nouvelle lune --\\une voiture abandonnée\\sur l'allée des amoureux
http://www.tempslibres.org/tl/tlphp/dbhk03.php?id=3421&lg=f | Paul David Mena | USA | vague de chaleur --\\le chien se déplace lentement\\d'une ombre à l'autre
